order-id,order-item-id,purchase-date,payments-date,reporting-date,promise-date,days-past-promise,buyer-email,buyer-name,buyer-phone-number,sku,product-name,quantity-purchased,quantity-shipped,quantity-to-ship,ship-service-level,recipient-name,ship-address-1,ship-address-2,ship-address-3,ship-city,ship-state,ship-postal-code,ship-country,is-business-order,purchase-order-number,price-designation
202-9194648-9197930,2.04E+13,2018-11-26T14:22:43+00:00,2018-11-26T14:22:43+00:00,2018-11-26T14:51:54+00:00,2018-11-28T23:59:59+00:00,-2,fqhsrn9r68j0yyy@marketplace.amazon.co.uk,Justine E Moore,07545 501843,HB_C5+_25,C5+ / A5+ Manilla Brown Hard Board Backed Envelopes Please Do Not Bend - 238 x 163 mm (25),1,0,1,Standard,Mrs J E Allen,1 Redbourne Road,Waddingham,,Gainsborough,,DN214TD,GB,FALSE,,
206-4589958-3550738,3.55E+13,2018-11-26T15:34:40+00:00,2018-11-26T15:34:40+00:00,2018-11-26T16:03:28+00:00,2018-11-28T23:59:59+00:00,-2,895wb8ztp97m058@marketplace.amazon.co.uk,C.CAIN,01353 666187,Small_B/W_300x10M,1 x Small Bubble Wrap Roll All Sizes & Width 300mm | 500mm | 750mm | 1000mm | 1500 mm - Ideal for House Moving - Fast UK Shipment (300mm * 10M),1,0,1,Standard,Brenda Bennett,5B DOWNHAM ROAD,,,ELY,Cambridgeshire,CB6 1AG,GB,FALSE,,
202-5826421-2937104,3.99E+13,2018-11-26T19:25:11+00:00,2018-11-26T19:25:11+00:00,2018-11-26T19:54:23+00:00,2018-11-28T23:59:59+00:00,-2,0kct6sn6t7nmh15@marketplace.amazon.co.uk,Nicole Whitehead,1616262539,HB_C5_500,C5 / A5 Manilla Brown Hard Board Backed Envelopes Please Do Not Bend - 229 x 162 mm (500),1,0,1,Standard,Nicole Whitehead - Colormaniaprint,135 DEN LANE,SPRINGHEAD,,OLDHAM,Lancashire,OL4 4SG,GB,FALSE,,
204-5584762-0689100,3.20E+13,2018-11-27T02:09:04+00:00,2018-11-27T02:09:04+00:00,2018-11-27T02:38:29+00:00,2018-11-29T23:59:59+00:00,-3,db4ngpbnljmt4vr@marketplace.amazon.co.uk,Francissca Adabie,7950882898,Small_B/W_300x10M,1 x Small Bubble Wrap Roll All Sizes & Width 300mm | 500mm | 750mm | 1000mm | 1500 mm - Ideal for House Moving - Fast UK Shipment (300mm * 10M),1,0,1,Standard,Francisca Adabie,51 INTERNATIONAL WAY,,,SUNBURY-ON-THAMES,Surrey,TW16 7HP,GB,FALSE,,
206-5384345-5317126,4.18E+13,2018-11-27T04:34:10+00:00,2018-11-27T04:34:10+00:00,2018-11-27T05:03:39+00:00,2018-11-29T23:59:59+00:00,-3,rjgpcf80lwx900w@marketplace.amazon.co.uk,Harley Takahashi,7922953045,Small_B/W_1000x20M,1 x Small Bubble Wrap Roll All Sizes & Width 300mm | 500mm | 750mm | 1000mm | 1500 mm - Ideal for House Moving - Fast UK Shipment (1000mm * 20M),1,0,1,Standard,Harlequin Takahashi,7,AMBERLEY WAY,,UXBRIDGE,,UB10 0AF,GB,FALSE,,
