billno,customer_group,suppliergroup,billdate,caseno,screencompany,screenname,pcs,rate,lrno,lrdate,transport,hsncode,packing,remark,gnumber,suppliergstno
2, ld patel,HANUMAN SYNTHETICS,02-04-2018,1,HANUMAN SYNTHETICS,SUHAGAN,228,86.5,5014191281,16-04-2018,MAA ANNAPURNA,5407,0,good,20ACRPJ1759L1ZC,RPJ1759L1ZC
3,nd patel,VAIDEHI PRINTS,02-04-2018,39,VAIDEHI,PRIYATMA,64,390,168860,03-04-2018,SAFE & SECURE,5407,0,good,20AACFB7577P1Z4,RPJ1759L1ZC
4,lp patel,VAIDEHI PRINTS,02-04-2018,40,VAIDEHI PRINTS,KULFI,72,235,168861,03-04-2018,SAFE & SECURE,5407,0,good,20AACFB7577P1Z4,20AACFB75
5,PANKAJ TEXTILES,TIRUPATI TEXTILES*,02-04-2018,12,TIRUPATI TEXTILES*,JCL,142,245,6792603,11-04-2018,GREEN DELHI,5407,0,good,09ALKPK4933D1Z2,20AACFB75
